H,↑-,--,--,--,--,--,--,--,--,--,--,--,--,--,--,--,--,--,--,--,--,--,--,--,--,--,--,--,--,--,--,--,--,--,--,--,--,--,--,--,--,--,--,--,--,--,--,--,--,--,--,--,--,--,--,--,--,--,--,--
He,↑↓,--,--,--,--,--,--,--,--,--,--,--,--,--,--,--,--,--,--,--,--,--,--,--,--,--,--,--,--,--,--,--,--,--,--,--,--,--,--,--,--,--,--,--,--,--,--,--,--,--,--,--,--,--,--,--,--,--,--,--
Li,↑↓,↑-,--,--,--,--,--,--,--,--,--,--,--,--,--,--,--,--,--,--,--,--,--,--,--,--,--,--,--,--,--,--,--,--,--,--,--,--,--,--,--,--,--,--,--,--,--,--,--,--,--,--,--,--,--,--,--,--,--,--
B,↑↓,↑↓,--,--,--,--,--,--,--,--,--,--,--,--,--,--,--,--,--,--,--,--,--,--,--,--,--,--,--,--,--,--,--,--,--,--,--,--,--,--,--,--,--,--,--,--,--,--,--,--,--,--,--,--,--,--,--,--,--,--
Be,↑↓,↑↓,↑-,--,--,--,--,--,--,--,--,--,--,--,--,--,--,--,--,--,--,--,--,--,--,--,--,--,--,--,--,--,--,--,--,--,--,--,--,--,--,--,--,--,--,--,--,--,--,--,--,--,--,--,--,--,--,--,--,--
C,↑↓,↑↓,↑-,↑-,--,--,--,--,--,--,--,--,--,--,--,--,--,--,--,--,--,--,--,--,--,--,--,--,--,--,--,--,--,--,--,--,--,--,--,--,--,--,--,--,--,--,--,--,--,--,--,--,--,--,--,--,--,--,--,--
N,↑↓,↑↓,↑-,↑-,↑-,--,--,--,--,--,--,--,--,--,--,--,--,--,--,--,--,--,--,--,--,--,--,--,--,--,--,--,--,--,--,--,--,--,--,--,--,--,--,--,--,--,--,--,--,--,--,--,--,--,--,--,--,--,--,--
O,↑↓,↑↓,↑↓,↑-,↑-,--,--,--,--,--,--,--,--,--,--,--,--,--,--,--,--,--,--,--,--,--,--,--,--,--,--,--,--,--,--,--,--,--,--,--,--,--,--,--,--,--,--,--,--,--,--,--,--,--,--,--,--,--,--,--
F,↑↓,↑↓,↑↓,↑↓,↑-,--,--,--,--,--,--,--,--,--,--,--,--,--,--,--,--,--,--,--,--,--,--,--,--,--,--,--,--,--,--,--,--,--,--,--,--,--,--,--,--,--,--,--,--,--,--,--,--,--,--,--,--,--,--,--
Ne,↑↓,↑↓,↑↓,↑↓,↑↓,--,--,--,--,--,--,--,--,--,--,--,--,--,--,--,--,--,--,--,--,--,--,--,--,--,--,--,--,--,--,--,--,--,--,--,--,--,--,--,--,--,--,--,--,--,--,--,--,--,--,--,--,--,--,--
Na,↑↓,↑↓,↑↓,↑↓,↑↓,↑-,--,--,--,--,--,--,--,--,--,--,--,--,--,--,--,--,--,--,--,--,--,--,--,--,--,--,--,--,--,--,--,--,--,--,--,--,--,--,--,--,--,--,--,--,--,--,--,--,--,--,--,--,--,--
Mg,↑↓,↑↓,↑↓,↑↓,↑↓,↑↓,--,--,--,--,--,--,--,--,--,--,--,--,--,--,--,--,--,--,--,--,--,--,--,--,--,--,--,--,--,--,--,--,--,--,--,--,--,--,--,--,--,--,--,--,--,--,--,--,--,--,--,--,--,--
Al,↑↓,↑↓,↑↓,↑↓,↑↓,↑↓,↑-,--,--,--,--,--,--,--,--,--,--,--,--,--,--,--,--,--,--,--,--,--,--,--,--,--,--,--,--,--,--,--,--,--,--,--,--,--,--,--,--,--,--,--,--,--,--,--,--,--,--,--,--,--
Si,↑↓,↑↓,↑↓,↑↓,↑↓,↑↓,↑-,↑-,--,--,--,--,--,--,--,--,--,--,--,--,--,--,--,--,--,--,--,--,--,--,--,--,--,--,--,--,--,--,--,--,--,--,--,--,--,--,--,--,--,--,--,--,--,--,--,--,--,--,--,--
P,↑↓,↑↓,↑↓,↑↓,↑↓,↑↓,↑-,↑-,↑-,--,--,--,--,--,--,--,--,--,--,--,--,--,--,--,--,--,--,--,--,--,--,--,--,--,--,--,--,--,--,--,--,--,--,--,--,--,--,--,--,--,--,--,--,--,--,--,--,--,--,--
S,↑↓,↑↓,↑↓,↑↓,↑↓,↑↓,↑↓,↑-,↑-,--,--,--,--,--,--,--,--,--,--,--,--,--,--,--,--,--,--,--,--,--,--,--,--,--,--,--,--,--,--,--,--,--,--,--,--,--,--,--,--,--,--,--,--,--,--,--,--,--,--,--
Cl,↑↓,↑↓,↑↓,↑↓,↑↓,↑↓,↑↓,↑↓,↑-,--,--,--,--,--,--,--,--,--,--,--,--,--,--,--,--,--,--,--,--,--,--,--,--,--,--,--,--,--,--,--,--,--,--,--,--,--,--,--,--,--,--,--,--,--,--,--,--,--,--,--
Ar,↑↓,↑↓,↑↓,↑↓,↑↓,↑↓,↑↓,↑↓,↑↓,--,--,--,--,--,--,--,--,--,--,--,--,--,--,--,--,--,--,--,--,--,--,--,--,--,--,--,--,--,--,--,--,--,--,--,--,--,--,--,--,--,--,--,--,--,--,--,--,--,--,--
K,↑↓,↑↓,↑↓,↑↓,↑↓,↑↓,↑↓,↑↓,↑↓,--,--,--,--,--,↑,--,--,--,--,--,--,--,--,--,--,--,--,--,--,--,--,--,--,--,--,--,--,--,--,--,--,--,--,--,--,--,--,--,--,--,--,--,--,--,--,--,--,--,--,--,--,--,--
Ca,↑↓,↑↓,↑↓,↑↓,↑↓,↑↓,↑↓,↑↓,↑↓,--,--,--,--,--,↑↓,--,--,--,--,--,--,--,--,--,--,--,--,--,--,--,--,--,--,--,--,--,--,--,--,--,--,--,--,--,--,--,--,--,--,--,--,--,--,--,--,--,--,--,--,--,--,--,--
Sc,↑↓,↑↓,↑↓,↑↓,↑↓,↑↓,↑↓,↑↓,↑↓,↑-,--,--,--,--,↑↓,--,--,--,--,--,--,--,--,--,--,--,--,--,--,--,--,--,--,--,--,--,--,--,--,--,--,--,--,--,--,--,--,--,--,--,--,--,--,--,--,--,--,--,--,--,--,--,--
Ti,↑↓,↑↓,↑↓,↑↓,↑↓,↑↓,↑↓,↑↓,↑↓,↑-,↑-,--,--,--,↑↓,--,--,--,--,--,--,--,--,--,--,--,--,--,--,--,--,--,--,--,--,--,--,--,--,--,--,--,--,--,--,--,--,--,--,--,--,--,--,--,--,--,--,--,--,--,--,--,--
V,↑↓,↑↓,↑↓,↑↓,↑↓,↑↓,↑↓,↑↓,↑↓,↑-,↑-,↑-,--,--,↑↓,--,--,--,--,--,--,--,--,--,--,--,--,--,--,--,--,--,--,--,--,--,--,--,--,--,--,--,--,--,--,--,--,--,--,--,--,--,--,--,--,--,--,--,--,--,--,--,--
Cr,↑↓,↑↓,↑↓,↑↓,↑↓,↑↓,↑↓,↑↓,↑↓,↑-,↑-,↑-,↑-,↑-,↑,--,--,--,--,--,--,--,--,--,--,--,--,--,--,--,--,--,--,--,--,--,--,--,--,--,--,--,--,--,--,--,--,--,--,--,--,--,--,--,--,--,--,--,--,--,--,--,--
Mn,↑↓,↑↓,↑↓,↑↓,↑↓,↑↓,↑↓,↑↓,↑↓,↑-,↑-,↑-,↑-,↑-,↑↓,--,--,--,--,--,--,--,--,--,--,--,--,--,--,--,--,--,--,--,--,--,--,--,--,--,--,--,--,--,--,--,--,--,--,--,--,--,--,--,--,--,--,--,--,--,--,--,--
Fe,↑↓,↑↓,↑↓,↑↓,↑↓,↑↓,↑↓,↑↓,↑↓,↑↓,↑-,↑-,↑-,↑-,↑↓,--,--,--,--,--,--,--,--,--,--,--,--,--,--,--,--,--,--,--,--,--,--,--,--,--,--,--,--,--,--,--,--,--,--,--,--,--,--,--,--,--,--,--,--,--,--,--,--
Co,↑↓,↑↓,↑↓,↑↓,↑↓,↑↓,↑↓,↑↓,↑↓,↑↓,↑↓,↑-,↑-,↑-,↑↓,--,--,--,--,--,--,--,--,--,--,--,--,--,--,--,--,--,--,--,--,--,--,--,--,--,--,--,--,--,--,--,--,--,--,--,--,--,--,--,--,--,--,--,--,--,--,--,--
Ni,↑↓,↑↓,↑↓,↑↓,↑↓,↑↓,↑↓,↑↓,↑↓,↑↓,↑↓,↑↓,↑-,↑-,↑↓,--,--,--,--,--,--,--,--,--,--,--,--,--,--,--,--,--,--,--,--,--,--,--,--,--,--,--,--,--,--,--,--,--,--,--,--,--,--,--,--,--,--,--,--,--,--,--,--
Cu,↑↓,↑↓,↑↓,↑↓,↑↓,↑↓,↑↓,↑↓,↑↓,↑↓,↑↓,↑↓,↑↓,↑↓,↑-,--,--,--,--,--,--,--,--,--,--,--,--,--,--,--,--,--,--,--,--,--,--,--,--,--,--,--,--,--,--,--,--,--,--,--,--,--,--,--,--,--,--,--,--,--,--,--,--
Zn,↑↓,↑↓,↑↓,↑↓,↑↓,↑↓,↑↓,↑↓,↑↓,↑↓,↑↓,↑↓,↑↓,↑↓,↑↓,--,--,--,--,--,--,--,--,--,--,--,--,--,--,--,--,--,--,--,--,--,--,--,--,--,--,--,--,--,--,--,--,--,--,--,--,--,--,--,--,--,--,--,--,--,--,--,--
Ga,↑↓,↑↓,↑↓,↑↓,↑↓,↑↓,↑↓,↑↓,↑↓,↑↓,↑↓,↑↓,↑↓,↑↓,↑↓,↑-,--,--,--,--,--,--,--,--,--,--,--,--,--,--,--,--,--,--,--,--,--,--,--,--,--,--,--,--,--,--,--,--,--,--,--,--,--,--,--,--,--,--,--,--,--,--,--
Ge,↑↓,↑↓,↑↓,↑↓,↑↓,↑↓,↑↓,↑↓,↑↓,↑↓,↑↓,↑↓,↑↓,↑↓,↑↓,↑-,↑-,--,--,--,--,--,--,--,--,--,--,--,--,--,--,--,--,--,--,--,--,--,--,--,--,--,--,--,--,--,--,--,--,--,--,--,--,--,--,--,--,--,--,--,--,--,--,--
As,↑↓,↑↓,↑↓,↑↓,↑↓,↑↓,↑↓,↑↓,↑↓,↑↓,↑↓,↑↓,↑↓,↑↓,↑↓,↑-,↑-,↑-,--,--,--,--,--,--,--,--,--,--,--,--,--,--,--,--,--,--,--,--,--,--,--,--,--,--,--,--,--,--,--,--,--,--,--,--,--,--,--,--,--,--,--,--,--,--
Se,↑↓,↑↓,↑↓,↑↓,↑↓,↑↓,↑↓,↑↓,↑↓,↑↓,↑↓,↑↓,↑↓,↑↓,↑↓,↑↓,↑-,↑-,--,--,--,--,--,--,--,--,--,--,--,--,--,--,--,--,--,--,--,--,--,--,--,--,--,--,--,--,--,--,--,--,--,--,--,--,--,--,--,--,--,--,--,--,--,--
Br,↑↓,↑↓,↑↓,↑↓,↑↓,↑↓,↑↓,↑↓,↑↓,↑↓,↑↓,↑↓,↑↓,↑↓,↑↓,↑↓,↑↓,↑-,--,--,--,--,--,--,--,--,--,--,--,--,--,--,--,--,--,--,--,--,--,--,--,--,--,--,--,--,--,--,--,--,--,--,--,--,--,--,--,--,--,--,--,--,--,--
Kr,↑↓,↑↓,↑↓,↑↓,↑↓,↑↓,↑↓,↑↓,↑↓,↑↓,↑↓,↑↓,↑↓,↑↓,↑↓,↑↓,↑↓,↑↓,--,--,--,--,--,--,--,--,--,--,--,--,--,--,--,--,--,--,--,--,--,--,--,--,--,--,--,--,--,--,--,--,--,--,--,--,--,--,--,--,--,--,--,--,--,--
Rb,↑↓,↑↓,↑↓,↑↓,↑↓,↑↓,↑↓,↑↓,↑↓,↑↓,↑↓,↑↓,↑↓,↑↓,↑↓,↑↓,↑↓,↑↓,--,--,--,--,--,--,--,--,--,--,--,--,↑-,--,--,--,--,--,--,--,--,--,--,--,--,--,--,--,--,--,--,--,--,--,--,--,--,--,--,--,--,--,--,--,--,--
Sr,↑↓,↑↓,↑↓,↑↓,↑↓,↑↓,↑↓,↑↓,↑↓,↑↓,↑↓,↑↓,↑↓,↑↓,↑↓,↑↓,↑↓,↑↓,--,--,--,--,--,--,--,--,--,--,--,--,↑↓,--,--,--,--,--,--,--,--,--,--,--,--,--,--,--,--,--,--,--,--,--,--,--,--,--,--,--,--,--,--,--,--,--,--,--,--,--,--,--,--,--,--,--,--
Y,↑↓,↑↓,↑↓,↑↓,↑↓,↑↓,↑↓,↑↓,↑↓,↑↓,↑↓,↑↓,↑↓,↑↓,↑↓,↑↓,↑↓,↑↓,↑-,--,--,--,--,--,--,--,--,--,--,--,↑↓,--,--,--,--,--,--,--,--,--,--,--,--,--,--,--,--,--,--,--,--,--,--,--,--,--,--,--,--,--,--,--,--,--,--,--,--,--,--,--,--,--
Zr,↑↓,↑↓,↑↓,↑↓,↑↓,↑↓,↑↓,↑↓,↑↓,↑↓,↑↓,↑↓,↑↓,↑↓,↑↓,↑↓,↑↓,↑↓,↑-,↑-,--,--,--,--,--,--,--,--,--,--,↑↓,--,--,--,--,--,--,--,--,--,--,--,--,--,--,--,--,--,--,--,--,--,--,--,--,--,--,--,--,--,--,--,--,--,--,--,--,--,--,--,--,--
Nb,↑↓,↑↓,↑↓,↑↓,↑↓,↑↓,↑↓,↑↓,↑↓,↑↓,↑↓,↑↓,↑↓,↑↓,↑↓,↑↓,↑↓,↑↓,↑-,↑-,↑-,↑-,--,--,--,--,--,--,--,--,↑,--,--,--,--,--,--,--,--,--,--,--,--,--,--,--,--,--,--,--,--,--,--,--,--,--,--,--,--,--,--,--,--,--,--,--,--,--,--,--,--,--,--,--,--
Mo,↑↓,↑↓,↑↓,↑↓,↑↓,↑↓,↑↓,↑↓,↑↓,↑↓,↑↓,↑↓,↑↓,↑↓,↑↓,↑↓,↑↓,↑↓,↑-,↑-,↑-,↑-,↑-,--,--,--,--,--,--,--,↑,--,--,--,--,--,--,--,--,--,--,--,--,--,--,--,--,--,--,--,--,--,--,--,--,--,--,--,--,--,--,--,--,--,--,--,--,--,--,--,--,--,--,--,--
Tc,↑↓,↑↓,↑↓,↑↓,↑↓,↑↓,↑↓,↑↓,↑↓,↑↓,↑↓,↑↓,↑↓,↑↓,↑↓,↑↓,↑↓,↑↓,↑↓,↑-,↑-,↑-,↑-,--,--,--,--,--,--,--,↑,--,--,--,--,--,--,--,--,--,--,--,--,--,--,--,--,--,--,--,--,--,--,--,--,--,--,--,--,--,--,--,--,--,--,--,--,--,--,--,--,--,--,--,--
Ru,↑↓,↑↓,↑↓,↑↓,↑↓,↑↓,↑↓,↑↓,↑↓,↑↓,↑↓,↑↓,↑↓,↑↓,↑↓,↑↓,↑↓,↑↓,↑↓,↑↓,↑-,↑-,↑-,--,--,--,--,--,--,--,↑,--,--,--,--,--,--,--,--,--,--,--,--,--,--,--,--,--,--,--,--,--,--,--,--,--,--,--,--,--,--,--,--,--,--,--,--,--,--,--,--,--,--,--,--
Rh,↑↓,↑↓,↑↓,↑↓,↑↓,↑↓,↑↓,↑↓,↑↓,↑↓,↑↓,↑↓,↑↓,↑↓,↑↓,↑↓,↑↓,↑↓,↑↓,↑↓,↑↓,↑-,↑-,--,--,--,--,--,--,--,↑,--,--,--,--,--,--,--,--,--,--,--,--,--,--,--,--,--,--,--,--,--,--,--,--,--,--,--,--,--,--,--,--,--,--,--,--,--,--,--,--,--,--,--,--
Pa,↑↓,↑↓,↑↓,↑↓,↑↓,↑↓,↑↓,↑↓,↑↓,↑↓,↑↓,↑↓,↑↓,↑↓,↑↓,↑↓,↑↓,↑↓,↑↓,↑↓,↑↓,↑↓,↑↓,--,--,--,--,--,--,--,--,--,--,--,--,--,--,--,--,--,--,--,--,--,--,--,--,--,--,--,--,--,--,--,--,--,--,--,--,--,--,--,--,--,--,--,--,--,--,--,--,--,--,--,--
Ag,↑↓,↑↓,↑↓,↑↓,↑↓,↑↓,↑↓,↑↓,↑↓,↑↓,↑↓,↑↓,↑↓,↑↓,↑↓,↑↓,↑↓,↑↓,↑↓,↑↓,↑↓,↑↓,↑↓,--,--,--,--,--,--,--,↑,--,--,--,--,--,--,--,--,--,--,--,--,--,--,--,--,--,--,--,--,--,--,--,--,--,--,--,--,--,--,--,--,--,--,--,--,--,--,--,--,--,--,--,--
Cd,↑↓,↑↓,↑↓,↑↓,↑↓,↑↓,↑↓,↑↓,↑↓,↑↓,↑↓,↑↓,↑↓,↑↓,↑↓,↑↓,↑↓,↑↓,↑↓,↑↓,↑↓,↑↓,↑↓,--,--,--,--,--,--,--,↑↓,--,--,--,--,--,--,--,--,--,--,--,--,--,--,--,--,--,--,--,--,--,--,--,--,--,--,--,--,--,--,--,--,--,--,--,--,--,--,--,--,--,--,--,--
In,↑↓,↑↓,↑↓,↑↓,↑↓,↑↓,↑↓,↑↓,↑↓,↑↓,↑↓,↑↓,↑↓,↑↓,↑↓,↑↓,↑↓,↑↓,↑↓,↑↓,↑↓,↑↓,↑↓,--,--,--,--,--,--,--,↑↓,↑-,--,--,--,--,--,--,--,--,--,--,--,--,--,--,--,--,--,--,--,--,--,--,--,--,--,--,--,--,--,--,--,--,--,--,--,--,--,--,--,--,--,--,--
Sn,↑↓,↑↓,↑↓,↑↓,↑↓,↑↓,↑↓,↑↓,↑↓,↑↓,↑↓,↑↓,↑↓,↑↓,↑↓,↑↓,↑↓,↑↓,↑↓,↑↓,↑↓,↑↓,↑↓,--,--,--,--,--,--,--,↑↓,↑-,↑-,--,--,--,--,--,--,--,--,--,--,--,--,--,--,--,--,--,--,--,--,--,--,--,--,--,--,--,--,--,--,--,--,--,--,--,--,--,--,--,--,--,--
Sb,↑↓,↑↓,↑↓,↑↓,↑↓,↑↓,↑↓,↑↓,↑↓,↑↓,↑↓,↑↓,↑↓,↑↓,↑↓,↑↓,↑↓,↑↓,↑↓,↑↓,↑↓,↑↓,↑↓,--,--,--,--,--,--,--,↑↓,↑-,↑-,↑-,--,--,--,--,--,--,--,--,--,--,--,--,--,--,--,--,--,--,--,--,--,--,--,--,--,--,--,--,--,--,--,--,--,--,--,--,--,--,--,--,--
Te,↑↓,↑↓,↑↓,↑↓,↑↓,↑↓,↑↓,↑↓,↑↓,↑↓,↑↓,↑↓,↑↓,↑↓,↑↓,↑↓,↑↓,↑↓,↑↓,↑↓,↑↓,↑↓,↑↓,--,--,--,--,--,--,--,↑↓,↑↓,↑-,↑-,--,--,--,--,--,--,--,--,--,--,--,--,--,--,--,--,--,--,--,--,--,--,--,--,--,--,--,--,--,--,--,--,--,--,--,--,--,--,--,--,--
I,↑↓,↑↓,↑↓,↑↓,↑↓,↑↓,↑↓,↑↓,↑↓,↑↓,↑↓,↑↓,↑↓,↑↓,↑↓,↑↓,↑↓,↑↓,↑↓,↑↓,↑↓,↑↓,↑↓,--,--,--,--,--,--,--,↑↓,↑↓,↑↓,↑-,--,--,--,--,--,--,--,--,--,--,--,--,--,--,--,--,--,--,--,--,--,--,--,--,--,--,--,--,--,--,--,--,--,--,--,--,--,--,--,--,--
Xe,↑↓,↑↓,↑↓,↑↓,↑↓,↑↓,↑↓,↑↓,↑↓,↑↓,↑↓,↑↓,↑↓,↑↓,↑↓,↑↓,↑↓,↑↓,↑↓,↑↓,↑↓,↑↓,↑↓,--,--,--,--,--,--,--,↑↓,↑↓,↑↓,↑↓,--,--,--,--,--,--,--,--,--,--,--,--,--,--,--,--,--,--,--,--,--,--,--,--,--,--,--,--,--,--,--,--,--,--,--,--,--,--,--,--,--
Cs,↑↓,↑↓,↑↓,↑↓,↑↓,↑↓,↑↓,↑↓,↑↓,↑↓,↑↓,↑↓,↑↓,↑↓,↑↓,↑↓,↑↓,↑↓,↑↓,↑↓,↑↓,↑↓,↑↓,--,--,--,--,--,--,--,↑↓,↑↓,↑↓,↑↓,--,--,--,--,--,--,--,--,--,--,--,--,↑-,--,--,--,--,--,--,--,--,--,--,--,--,--,--,--,--,--,--,--,--,--,--,--,--,--,--,--,--
Ba,↑↓,↑↓,↑↓,↑↓,↑↓,↑↓,↑↓,↑↓,↑↓,↑↓,↑↓,↑↓,↑↓,↑↓,↑↓,↑↓,↑↓,↑↓,↑↓,↑↓,↑↓,↑↓,↑↓,--,--,--,--,--,--,--,↑↓,↑↓,↑↓,↑↓,--,--,--,--,--,--,--,--,--,--,--,--,↑↓,--,--,--,--,--,--,--,--,--,--,--,--,--,--,--,--,--,--,--,--,--,--,--,--,--,--,--,--
La,↑↓,↑↓,↑↓,↑↓,↑↓,↑↓,↑↓,↑↓,↑↓,↑↓,↑↓,↑↓,↑↓,↑↓,↑↓,↑↓,↑↓,↑↓,↑↓,↑↓,↑↓,↑↓,↑↓,--,--,--,--,--,--,--,↑↓,↑↓,↑↓,↑↓,↑-,--,--,--,--,--,--,--,--,--,--,--,↑↓,--,--,--,--,--,--,--,--,--,--,--,--,--,--,--,--,--,--,--,--,--,--,--,--,--,--,--,--
Ce,↑↓,↑↓,↑↓,↑↓,↑↓,↑↓,↑↓,↑↓,↑↓,↑↓,↑↓,↑↓,↑↓,↑↓,↑↓,↑↓,↑↓,↑↓,↑↓,↑↓,↑↓,↑↓,↑↓,↑-,↑-,--,--,--,--,--,↑↓,↑↓,↑↓,↑↓,--,--,--,--,--,--,--,--,--,--,--,--,↑↓,--,--,--,--,--,--,--,--,--,--,--,--,--,--,--,--,--,--,--,--,--,--,--,--,--,--,--,--
Pr,↑↓,↑↓,↑↓,↑↓,↑↓,↑↓,↑↓,↑↓,↑↓,↑↓,↑↓,↑↓,↑↓,↑↓,↑↓,↑↓,↑↓,↑↓,↑↓,↑↓,↑↓,↑↓,↑↓,↑-,↑-,↑-,--,--,--,--,↑↓,↑↓,↑↓,↑↓,--,--,--,--,--,--,--,--,--,--,--,--,↑↓,--,--,--,--,--,--,--,--,--,--,--,--,--,--,--,--,--,--,--,--,--,--,--,--,--,--,--,--
Nd,↑↓,↑↓,↑↓,↑↓,↑↓,↑↓,↑↓,↑↓,↑↓,↑↓,↑↓,↑↓,↑↓,↑↓,↑↓,↑↓,↑↓,↑↓,↑↓,↑↓,↑↓,↑↓,↑↓,↑-,↑-,↑-,↑-,--,--,--,↑↓,↑↓,↑↓,↑↓,--,--,--,--,--,--,--,--,--,--,--,--,↑↓,--,--,--,--,--,--,--,--,--,--,--,--,--,--,--,--,--,--,--,--,--,--,--,--,--,--,--,--
Pm,↑↓,↑↓,↑↓,↑↓,↑↓,↑↓,↑↓,↑↓,↑↓,↑↓,↑↓,↑↓,↑↓,↑↓,↑↓,↑↓,↑↓,↑↓,↑↓,↑↓,↑↓,↑↓,↑↓,↑-,↑-,↑-,↑-,↑-,--,--,↑↓,↑↓,↑↓,↑↓,--,--,--,--,--,--,--,--,--,--,--,--,↑↓,--,--,--,--,--,--,--,--,--,--,--,--,--,--,--,--,--,--,--,--,--,--,--,--,--,--,--,--
Sm,↑↓,↑↓,↑↓,↑↓,↑↓,↑↓,↑↓,↑↓,↑↓,↑↓,↑↓,↑↓,↑↓,↑↓,↑↓,↑↓,↑↓,↑↓,↑↓,↑↓,↑↓,↑↓,↑↓,↑-,↑-,↑-,↑-,↑-,↑-,--,↑↓,↑↓,↑↓,↑↓,--,--,--,--,--,--,--,--,--,--,--,--,↑↓,--,--,--,--,--,--,--,--,--,--,--,--,--,--,--,--,--,--,--,--,--,--,--,--,--,--,--,--
Eu,↑↓,↑↓,↑↓,↑↓,↑↓,↑↓,↑↓,↑↓,↑↓,↑↓,↑↓,↑↓,↑↓,↑↓,↑↓,↑↓,↑↓,↑↓,↑↓,↑↓,↑↓,↑↓,↑↓,↑-,↑-,↑-,↑-,↑-,↑-,↑-,↑↓,↑↓,↑↓,↑↓,--,--,--,--,--,--,--,--,--,--,--,--,↑↓,--,--,--,--,--,--,--,--,--,--,--,--,--,--,--,--,--,--,--,--,--,--,--,--,--,--,--,--
Gd,↑↓,↑↓,↑↓,↑↓,↑↓,↑↓,↑↓,↑↓,↑↓,↑↓,↑↓,↑↓,↑↓,↑↓,↑↓,↑↓,↑↓,↑↓,↑↓,↑↓,↑↓,↑↓,↑↓,↑-,↑-,↑-,↑-,↑-,↑-,↑-,↑↓,↑↓,↑↓,↑↓,↑-,--,--,--,--,--,--,--,--,--,--,--,↑↓,--,--,--,--,--,--,--,--,--,--,--,--,--,--,--,--,--,--,--,--,--,--,--,--,--,--,--,--
Tb,↑↓,↑↓,↑↓,↑↓,↑↓,↑↓,↑↓,↑↓,↑↓,↑↓,↑↓,↑↓,↑↓,↑↓,↑↓,↑↓,↑↓,↑↓,↑↓,↑↓,↑↓,↑↓,↑↓,↑↓,↑↓,↑-,↑-,↑-,↑-,↑-,↑↓,↑↓,↑↓,↑↓,--,--,--,--,--,--,--,--,--,--,--,--,↑↓,--,--,--,--,--,--,--,--,--,--,--,--,--,--,--,--,--,--,--,--,--,--,--,--,--,--,--,--
Dy,↑↓,↑↓,↑↓,↑↓,↑↓,↑↓,↑↓,↑↓,↑↓,↑↓,↑↓,↑↓,↑↓,↑↓,↑↓,↑↓,↑↓,↑↓,↑↓,↑↓,↑↓,↑↓,↑↓,↑↓,↑↓,↑↓,↑-,↑-,↑-,↑-,↑↓,↑↓,↑↓,↑↓,--,--,--,--,--,--,--,--,--,--,--,--,↑↓,--,--,--,--,--,--,--,--,--,--,--,--,--,--,--,--,--,--,--,--,--,--,--,--,--,--,--,--
Ho,↑↓,↑↓,↑↓,↑↓,↑↓,↑↓,↑↓,↑↓,↑↓,↑↓,↑↓,↑↓,↑↓,↑↓,↑↓,↑↓,↑↓,↑↓,↑↓,↑↓,↑↓,↑↓,↑↓,↑↓,↑↓,↑↓,↑↓,↑-,↑-,↑-,↑↓,↑↓,↑↓,↑↓,--,--,--,--,--,--,--,--,--,--,--,--,↑↓,--,--,--,--,--,--,--,--,--,--,--,--,--,--,--,--,--,--,--,--,--,--,--,--,--,--,--,--
Er,↑↓,↑↓,↑↓,↑↓,↑↓,↑↓,↑↓,↑↓,↑↓,↑↓,↑↓,↑↓,↑↓,↑↓,↑↓,↑↓,↑↓,↑↓,↑↓,↑↓,↑↓,↑↓,↑↓,↑↓,↑↓,↑↓,↑↓,↑↓,↑-,↑↓,↑↓,↑↓,↑↓,--,--,--,--,--,--,--,--,--,--,--,--,↑↓,--,--,--,--,--,--,--,--,--,--,--,--,--,--,--,--,--,--,--,--,--,--,--,--,--,--,--,--
Tm,↑↓,↑↓,↑↓,↑↓,↑↓,↑↓,↑↓,↑↓,↑↓,↑↓,↑↓,↑↓,↑↓,↑↓,↑↓,↑↓,↑↓,↑↓,↑↓,↑↓,↑↓,↑↓,↑↓,↑↓,↑↓,↑↓,↑↓,↑↓,↑↓,↑-,↑↓,↑↓,↑↓,↑↓,--,--,--,--,--,--,--,--,--,--,--,--,↑↓,--,--,--,--,--,--,--,--,--,--,--,--,--,--,--,--,--,--,--,--,--,--,--,--,--,--,--,--
Yb,↑↓,↑↓,↑↓,↑↓,↑↓,↑↓,↑↓,↑↓,↑↓,↑↓,↑↓,↑↓,↑↓,↑↓,↑↓,↑↓,↑↓,↑↓,↑↓,↑↓,↑↓,↑↓,↑↓,↑↓,↑↓,↑↓,↑↓,↑↓,↑↓,↑↓,↑↓,↑↓,↑↓,↑↓,--,--,--,--,--,--,--,--,--,--,--,--,↑↓,--,--,--,--,--,--,--,--,--,--,--,--,--,--,--,--,--,--,--,--,--,--,--,--,--,--,--,--
Lu,↑↓,↑↓,↑↓,↑↓,↑↓,↑↓,↑↓,↑↓,↑↓,↑↓,↑↓,↑↓,↑↓,↑↓,↑↓,↑↓,↑↓,↑↓,↑↓,↑↓,↑↓,↑↓,↑↓,↑↓,↑↓,↑↓,↑↓,↑↓,↑↓,↑↓,↑↓,↑↓,↑↓,↑↓,↑-,--,--,--,--,--,--,--,--,--,--,--,↑↓,--,--,--,--,--,--,--,--,--,--,--,--,--,--,--,--,--,--,--,--,--,--,--,--,--,--,--,--
Hf,↑↓,↑↓,↑↓,↑↓,↑↓,↑↓,↑↓,↑↓,↑↓,↑↓,↑↓,↑↓,↑↓,↑↓,↑↓,↑↓,↑↓,↑↓,↑↓,↑↓,↑↓,↑↓,↑↓,↑↓,↑↓,↑↓,↑↓,↑↓,↑↓,↑↓,↑↓,↑↓,↑↓,↑↓,↑-,↑-,--,--,--,--,--,--,--,--,--,--,↑↓,--,--,--,--,--,--,--,--,--,--,--,--,--,--,--,--,--,--,--,--,--,--,--,--,--,--,--,--
Ta,↑↓,↑↓,↑↓,↑↓,↑↓,↑↓,↑↓,↑↓,↑↓,↑↓,↑↓,↑↓,↑↓,↑↓,↑↓,↑↓,↑↓,↑↓,↑↓,↑↓,↑↓,↑↓,↑↓,↑↓,↑↓,↑↓,↑↓,↑↓,↑↓,↑↓,↑↓,↑↓,↑↓,↑↓,↑-,↑-,↑-,--,--,--,--,--,--,--,--,--,↑↓,--,--,--,--,--,--,--,--,--,--,--,--,--,--,--,--,--,--,--,--,--,--,--,--,--,--,--,--
W,↑↓,↑↓,↑↓,↑↓,↑↓,↑↓,↑↓,↑↓,↑↓,↑↓,↑↓,↑↓,↑↓,↑↓,↑↓,↑↓,↑↓,↑↓,↑↓,↑↓,↑↓,↑↓,↑↓,↑↓,↑↓,↑↓,↑↓,↑↓,↑↓,↑↓,↑↓,↑↓,↑↓,↑↓,↑-,↑-,↑-,↑-,--,--,--,--,--,--,--,--,↑↓,--,--,--,--,--,--,--,--,--,--,--,--,--,--,--,--,--,--,--,--,--,--,--,--,--,--,--,--
Re,↑↓,↑↓,↑↓,↑↓,↑↓,↑↓,↑↓,↑↓,↑↓,↑↓,↑↓,↑↓,↑↓,↑↓,↑↓,↑↓,↑↓,↑↓,↑↓,↑↓,↑↓,↑↓,↑↓,↑↓,↑↓,↑↓,↑↓,↑↓,↑↓,↑↓,↑↓,↑↓,↑↓,↑↓,↑-,↑-,↑-,↑-,↑-,--,--,--,--,--,--,--,↑↓,--,--,--,--,--,--,--,--,--,--,--,--,--,--,--,--,--,--,--,--,--,--,--,--,--,--,--,--
Os,↑↓,↑↓,↑↓,↑↓,↑↓,↑↓,↑↓,↑↓,↑↓,↑↓,↑↓,↑↓,↑↓,↑↓,↑↓,↑↓,↑↓,↑↓,↑↓,↑↓,↑↓,↑↓,↑↓,↑↓,↑↓,↑↓,↑↓,↑↓,↑↓,↑↓,↑↓,↑↓,↑↓,↑↓,↑↓,↑-,↑-,↑-,↑-,--,--,--,--,--,--,--,↑↓,--,--,--,--,--,--,--,--,--,--,--,--,--,--,--,--,--,--,--,--,--,--,--,--,--,--,--,--
Ir,↑↓,↑↓,↑↓,↑↓,↑↓,↑↓,↑↓,↑↓,↑↓,↑↓,↑↓,↑↓,↑↓,↑↓,↑↓,↑↓,↑↓,↑↓,↑↓,↑↓,↑↓,↑↓,↑↓,↑↓,↑↓,↑↓,↑↓,↑↓,↑↓,↑↓,↑↓,↑↓,↑↓,↑↓,↑↓,↑↓,↑-,↑-,↑-,--,--,--,--,--,--,--,↑↓,--,--,--,--,--,--,--,--,--,--,--,--,--,--,--,--,--,--,--,--,--,--,--,--,--,--,--,--
Pt,↑↓,↑↓,↑↓,↑↓,↑↓,↑↓,↑↓,↑↓,↑↓,↑↓,↑↓,↑↓,↑↓,↑↓,↑↓,↑↓,↑↓,↑↓,↑↓,↑↓,↑↓,↑↓,↑↓,↑↓,↑↓,↑↓,↑↓,↑↓,↑↓,↑↓,↑↓,↑↓,↑↓,↑↓,↑↓,↑↓,↑↓,↑↓,↑-,--,--,--,--,--,--,--,↑-,--,--,--,--,--,--,--,--,--,--,--,--,--,--,--,--,--,--,--,--,--,--,--,--,--,--,--,--
Au,↑↓,↑↓,↑↓,↑↓,↑↓,↑↓,↑↓,↑↓,↑↓,↑↓,↑↓,↑↓,↑↓,↑↓,↑↓,↑↓,↑↓,↑↓,↑↓,↑↓,↑↓,↑↓,↑↓,↑↓,↑↓,↑↓,↑↓,↑↓,↑↓,↑↓,↑↓,↑↓,↑↓,↑↓,↑↓,↑↓,↑↓,↑↓,↑↓,--,--,--,--,--,--,--,↑-,--,--,--,--,--,--,--,--,--,--,--,--,--,--,--,--,--,--,--,--,--,--,--,--,--,--,--,--
Hg,↑↓,↑↓,↑↓,↑↓,↑↓,↑↓,↑↓,↑↓,↑↓,↑↓,↑↓,↑↓,↑↓,↑↓,↑↓,↑↓,↑↓,↑↓,↑↓,↑↓,↑↓,↑↓,↑↓,↑↓,↑↓,↑↓,↑↓,↑↓,↑↓,↑↓,↑↓,↑↓,↑↓,↑↓,↑↓,↑↓,↑↓,↑↓,↑↓,--,--,--,--,--,--,--,↑↓,--,--,--,--,--,--,--,--,--,--,--,--,--,--,--,--,--,--,--,--,--,--,--,--,--,--,--,--
Tl,↑↓,↑↓,↑↓,↑↓,↑↓,↑↓,↑↓,↑↓,↑↓,↑↓,↑↓,↑↓,↑↓,↑↓,↑↓,↑↓,↑↓,↑↓,↑↓,↑↓,↑↓,↑↓,↑↓,↑↓,↑↓,↑↓,↑↓,↑↓,↑↓,↑↓,↑↓,↑↓,↑↓,↑↓,↑↓,↑↓,↑↓,↑↓,↑↓,--,--,--,--,--,--,--,↑↓,↑-,--,--,--,--,--,--,--,--,--,--,--,--,--,--,--,--,--,--,--,--,--,--,--,--,--,--,--
